CommentID,PostID,UserID,Text,Comment_Date
1,658,603,Plant with building government.,2024-04-17
2,925,221,Participant public media low bag modern.,2024-09-14
3,895,614,Behind single development machine hair oil them.,2024-08-31
4,936,333,Land reach happy international stuff debate.,2025-01-30
5,41,350,Discuss rule score Mrs could election seven stuff seek mind.,2024-06-02
6,349,194,Institution second lay nature loss kitchen away across action treatment.,2024-08-10
7,947,965,Blue half pay five kid born.,2024-04-02
8,492,337,Option law rather collection worry best become keep test series.,2024-06-22
9,297,34,Fall beautiful up newspaper contain sport recognize choose exactly shake.,2024-11-24
10,170,328,Same century realize sister analysis probably sit.,2024-06-17
11,216,976,Point response contain strong positive clearly.,2024-03-12
12,951,824,Civil law week somebody past.,2024-05-18
13,505,229,Dark either perform current case listen white major.,2024-03-23
14,715,430,Travel side develop worry today example.,2024-03-08
15,281,210,Popular day especially difficult audience.,2024-05-24
16,845,868,Health feeling turn join too.,2024-04-19
17,395,982,Let make few dark story involve prove.,2025-01-15
18,610,499,Car similar three stand western a what girl set drop.,2024-10-28
19,693,537,Street seven area central late physical seem grow fact.,2024-09-15
20,311,991,Four anyone question become factor rather politics.,2024-05-11
21,952,244,Network campaign leg practice factor plant.,2024-09-10
22,960,869,Design all product as tree old main about future.,2024-02-08
23,433,219,Cause including near sing song majority.,2024-11-27
24,89,850,Provide three both administration main region citizen blood role sign.,2024-09-25
25,507,415,Assume result less or school certain out second Democrat station.,2024-03-30
26,456,471,Side her home charge should mean social.,2024-09-24
27,619,494,Human strong shake start opportunity difference environment finish.,2024-09-07
28,430,392,Wall exactly central address drug opportunity another south which.,2024-07-12
29,707,70,Personal strategy walk physical during.,2024-08-22
30,121,639,Gun your market cover you.,2024-09-08
31,219,871,Perhaps manage child near technology.,2024-12-06
32,48,9,Only wrong address teacher hope war performance front million establish.,2024-08-01
33,257,879,Have stay culture hard all pass leader rock there rise.,2025-01-29
34,160,300,Fill nothing card job anything hotel decision pull.,2025-01-17
35,824,969,International work decade sell each same authority individual realize.,2024-08-11
36,387,502,Paper speak skin coach involve program fish court nice.,2024-04-20
37,733,833,During prove cost peace history know.,2024-03-25
38,779,978,Apply fight report staff yeah operation ask begin item.,2024-03-22
39,88,648,Court appear drop spring edge early from former rest.,2024-06-21
40,785,309,Whether information red cut listen serve outside hour set.,2024-05-21
41,288,487,Data buy yet religious.,2024-07-04
42,809,195,Difference field drug floor line he nature often.,2024-04-07
43,325,32,Film human late day likely light.,2024-06-18
44,47,88,Need hair yourself bad pick sister.,2025-01-18
45,837,816,Imagine instead however learn old us by traditional.,2025-01-18
46,15,375,However industry his but law key help move.,2024-10-09
47,261,506,Not represent leave protect senior blood.,2024-08-31
48,400,762,Break beyond read speech financial anything science near.,2024-06-06
49,594,683,Shake region hold suffer member.,2024-09-01
50,455,488,Focus serve door Republican food almost.,2024-12-11
51,553,698,Class success model kid really ball yeah stay while herself.,2024-11-14
52,451,890,Ask sort owner near fly herself son.,2024-04-26
53,834,676,Must expert quickly southern space.,2024-09-01
54,771,580,Up pressure answer generation establish stuff far trouble by.,2024-04-10
55,831,789,Management stock recently follow marriage billion charge.,2025-01-17
56,531,601,Physical some by fight save the goal.,2024-03-22
57,664,410,Around international late avoid high task get today big.,2025-01-01
58,588,79,Wife plan audience degree maybe.,2024-10-29
59,778,935,Still relate outside physical significant off success.,2024-08-03
60,108,365,Ok catch special benefit board interview million you.,2024-06-22
61,136,161,Protect culture put huge share much pattern alone price method.,2024-05-10
62,424,354,View find great rather far former gas.,2024-07-24
63,778,93,Gas hot media especially attention.,2024-03-22
64,670,726,Head live cause represent establish drive physical.,2024-11-15
65,733,776,Pm stuff agreement year common life.,2024-10-20
66,529,124,Believe choice name book action much lead.,2024-03-13
67,35,140,Sea action street north admit leader environmental war minute think.,2024-12-11
68,460,750,Me when which type address.,2024-05-04
69,919,664,Until itself only bed town.,2024-06-24
70,864,249,Important community cause recent suggest sit organization inside.,2025-01-28
71,771,815,Affect outside provide technology research summer trouble career safe first.,2024-08-27
72,771,687,Real the light mention expert study town attorney matter friend.,2024-07-10
73,201,835,Bar camera message itself middle doctor at decision heavy hour.,2024-02-20
74,951,405,Direction room read specific effect over answer do range score.,2024-02-08
75,721,847,Fish the pressure certainly for management away seem peace.,2024-06-01
76,718,26,Trade truth character ever.,2024-03-03
77,438,334,Interesting others heart camera ok this action lot list customer.,2024-09-08
78,773,814,Identify standard there life visit serious.,2024-12-14
79,395,513,Goal instead act night meeting then dog.,2025-01-24
80,167,745,Building thus account focus food marriage out save think father.,2024-09-18
81,761,648,Plant a certain suddenly kid huge magazine.,2024-06-19
82,485,656,Today really film soon.,2024-02-24
83,595,216,Surface drive positive bring example agent character.,2024-10-27
84,561,833,Choose this son enough world price sing unit.,2024-09-22
85,442,853,Through study military majority matter those reach federal system one.,2025-02-02
86,171,464,Role born Republican now thought heavy wide daughter strategy.,2024-10-10
87,692,52,Staff yet stuff nor tax director itself space.,2024-06-15
88,471,103,Speak tax whole cup maintain my every expect nearly argue.,2024-07-22
89,838,85,Hope over recent find threat.,2024-12-18
90,797,164,Than begin happen particular leg without national want after.,2024-10-14
91,2,730,Anything stand so under key phone game practice do note.,2024-03-18
92,273,576,Leg interesting about left center series population something.,2024-08-08
93,475,348,Break baby to father strong.,2025-01-11
94,743,741,Serve admit happen new anyone remember space daughter thus better.,2024-06-02
95,189,592,Be nature development trial issue about interview guess house evening.,2024-03-11
96,367,67,Church however across song half could sense teach see.,2024-08-17
97,166,723,Become even personal generation both.,2025-02-02
98,969,881,Account huge manage player pass.,2024-06-01
99,378,701,Carry he necessary design boy hundred paper artist raise.,2024-02-23
100,713,711,Could describe standard opportunity.,2024-09-18
101,864,204,Answer decade more may want.,2024-09-04
102,730,379,Summer space southern thus oil new husband medical.,2024-09-26
103,555,643,Assume new network heavy none.,2024-05-01
104,198,29,Light process southern foreign way.,2024-04-25
105,612,548,Society you against couple throw technology middle class enter.,2024-08-12
106,865,760,Although agreement test form work amount their view executive expect.,2024-06-28
107,595,709,Work big program try.,2024-11-12
108,202,76,Kitchen remain yard clear the central trade.,2024-11-07
109,919,88,Process they garden focus.,2024-02-19
110,518,171,Voice believe effort local public art difficult store fill.,2024-08-30
111,480,158,Relationship drug walk bank people site.,2024-10-31
112,898,442,Operation discover be close.,2024-11-24
113,571,265,Culture remember power car nature brother sure thus itself camera.,2024-09-18
114,827,251,That tax court difference it pattern be her.,2024-11-09
115,414,373,Such make single movie table human claim song sister form.,2024-05-26
116,109,952,Few data study happy data nice only hotel lose art.,2024-02-28
117,564,434,Need star when art very tax right.,2024-05-27
118,168,968,Rich carry hard still believe.,2024-03-29
119,404,159,In base hour film prove military general she receive.,2024-04-30
120,353,645,Risk during instead difficult argue because.,2025-01-16
121,631,651,Establish out could their compare each recent camera.,2024-08-07
122,625,958,Free race behind under right may policy then practice citizen.,2024-12-09
123,364,982,Away care write agency imagine eye bar until social.,2024-05-29
124,219,986,Alone bag stand detail fly.,2024-06-12
125,185,444,Stay nice by popular trade drug.,2024-09-13
126,962,732,Positive step one laugh show.,2024-12-23
127,931,803,Theory board writer start hotel international commercial thank its this war.,2024-07-19
128,951,53,Apply less free short change be shake.,2024-11-26
129,581,397,Nor sea movement me we recent report parent almost.,2024-05-09
130,672,407,However teach thus across firm direction town phone outside.,2024-03-06
131,934,223,House actually boy safe return air throw environmental same teach.,2024-12-26
132,651,39,Offer check wife customer arrive any be dinner.,2024-07-02
133,939,555,Guy community need list right here clearly however moment hear.,2024-08-25
134,556,112,Century require hot note soon think game.,2024-09-29
135,866,624,Site election TV success society this positive great.,2024-06-01
136,623,656,Production specific his public as.,2024-03-25
137,584,371,Its put character fall idea exactly until attorney.,2024-06-09
138,753,12,Difficult both factor president staff although sound attention.,2024-04-04
139,153,984,Imagine fact option threat sound.,2024-06-21
140,245,348,Story each middle crime along machine single the evidence modern.,2024-05-01
141,46,462,Radio old line ok benefit customer shake.,2025-01-09
142,260,658,Business small network buy question college cause feeling.,2024-04-15
143,99,910,Ahead scientist employee blue with cup common myself.,2024-05-20
144,809,500,Blue along feel soon establish admit month somebody phone reason.,2024-11-28
145,276,487,World far bit Mr expert attention sound save.,2024-03-24
146,248,367,This turn standard forget letter federal idea.,2024-07-27
147,128,984,Citizen senior none anything address include though still man program.,2024-03-16
148,738,416,East teach send event themselves boy drop contain check.,2024-05-04
149,810,1000,Big result wait relate simply economic player.,2024-06-25
150,868,355,Color side challenge good among among.,2024-07-05
151,704,561,Bar adult though piece sometimes red anything bag.,2024-05-08
152,176,55,Home campaign alone technology point of before now finish.,2024-12-10
153,593,167,Seven final success laugh high.,2024-07-15
154,679,906,State structure improve record support common around last.,2024-04-17
155,522,735,Large science wide work thing process blood age movie which.,2024-06-11
156,484,725,Tv owner participant third peace since score top them.,2024-10-26
157,273,501,Provide art half to now.,2025-01-11
158,884,848,Key phone consider prevent hundred heart often charge performance according.,2024-08-19
159,118,483,Receive hit young test pattern change.,2024-07-09
160,358,513,Collection available common road box region.,2024-12-12
161,833,95,Despite church notice big occur challenge.,2024-04-18
162,273,621,Eight phone produce source grow into democratic recognize nation example fact.,2024-10-19
163,16,454,Billion stuff central order glass institution war join scene especially.,2024-03-21
164,201,984,Avoid establish church film organization.,2025-02-02
165,843,548,Raise capital late effort buy friend.,2024-03-29
166,457,989,Strategy almost box so stage president early finally nothing simply focus.,2024-06-30
167,661,132,Mean need business sure involve citizen determine.,2024-11-13
168,63,888,Use smile director citizen head.,2024-11-24
169,245,84,Report community matter organization it listen safe market possible.,2024-10-31
170,990,438,Probably election character effect.,2024-05-13
171,518,709,Glass smile same protect authority dog them.,2024-02-25
172,713,186,Usually financial nature him participant.,2024-11-27
173,891,872,Box source bad never source half.,2024-12-05
174,597,160,Week compare a up answer that else threat service.,2024-04-09
175,767,162,Their world already by memory impact.,2024-12-29
176,974,886,Each local painting above past activity debate tonight.,2024-12-23
177,439,163,Be value single fish small management race.,2024-03-06
178,636,574,Too kitchen let sense trip.,2024-03-12
179,933,948,Piece sound authority land hair wish spring true small deep.,2025-01-03
180,378,890,Interview boy picture policy laugh break.,2024-12-31
181,343,117,Design oil color everything during such thus memory public great not.,2024-07-01
182,97,285,Life detail natural little.,2024-09-18
183,18,807,Keep out program offer meet not interview.,2024-10-03
184,313,932,Try easy white more student.,2024-03-28
185,806,102,Wide purpose white draw brother.,2024-06-24
186,890,394,Call since happen above.,2024-08-01
187,834,133,Deep sort option yet yeah into majority trade campaign kid.,2024-11-11
188,958,896,Report source future physical.,2024-04-09
189,568,787,We part these family future field person program decision.,2024-11-18
190,119,815,Man up home Republican last cultural letter.,2024-05-30
191,890,484,Easy end attorney theory often without.,2024-09-15
192,272,791,Ever down within establish long fish research.,2025-01-16
193,475,545,Amount return leg still save base building chair look scene.,2025-01-06
194,985,71,Car test assume guy market girl.,2024-02-10
195,77,775,Decide single particularly summer ten clear become class.,2024-10-03
196,157,337,Value above own piece again.,2024-09-30
197,989,6,Issue wish benefit occur be reality action.,2024-10-26
198,367,351,Impact through fall space boy want.,2024-04-17
199,346,635,Pick least thank reason ago.,2025-01-11
200,23,634,List still natural beautiful wish difficult policy.,2024-10-10
201,153,736,Leader hand respond police stay charge.,2024-10-01
202,460,750,Set past artist practice air group leader.,2025-02-04
203,338,824,Hour southern already admit executive decade mission.,2024-10-26
204,391,509,Degree city seven can improve whom structure get.,2024-12-30
205,628,909,Wife determine those goal arm first partner.,2024-06-23
206,985,147,Girl eight purpose product newspaper assume billion whom act.,2024-10-25
207,10,922,Remain attack strategy participant suggest those.,2024-07-28
208,204,96,Republican usually else book scene start want.,2024-04-01
209,133,294,Real leader raise town to.,2024-11-04
210,494,810,Travel someone occur nearly once whom whole generation training.,2024-06-15
211,288,975,Hot response firm area program fund leave candidate consumer vote purpose.,2024-06-30
212,526,568,Set cell source view administration idea.,2024-04-10
213,390,541,Main full game wide sign significant million.,2025-02-06
214,268,796,Number north treatment put tend result season real now outside.,2024-10-22
215,487,438,Boy reveal current response tonight.,2024-06-27
216,5,438,Listen more away find the style picture peace.,2025-01-17
217,67,589,Cold run billion degree everything system common your.,2024-07-02
218,266,982,Theory around knowledge activity perhaps lawyer court.,2025-01-25
219,869,172,Call play skill hold company three change everyone rate peace.,2024-07-16
220,52,219,Travel best leg cost week meet yet.,2024-10-02
221,258,934,Maybe as store prepare throw purpose dog level.,2025-01-27
222,361,66,Condition everybody force pay full.,2024-02-15
223,662,426,During Republican best station occur opportunity.,2024-06-06
224,857,248,Agent local sign base entire ground who fly sure.,2024-05-14
225,870,523,Since alone job single increase information north draw.,2024-08-28
226,766,294,Sit economy rise doctor although.,2024-11-06
227,127,644,Four base mean sister thousand.,2024-06-21
228,639,558,Sit stage continue other space attorney.,2024-10-28
229,434,213,Prove participant include citizen until commercial person.,2025-01-03
230,703,42,Model open society six herself space during those.,2024-12-19
231,317,137,Common believe understand last life.,2024-05-14
232,78,598,Edge certainly force become Democrat explain question significant western decide.,2024-05-23
233,103,790,Process work involve seek view trip.,2024-11-02
234,790,624,Even argue company amount environmental statement drug want degree.,2024-03-21
235,582,318,Seat even realize garden through share guy live tend.,2024-08-30
236,686,912,Hand memory voice push describe religious surface together fast.,2024-04-17
237,844,717,Guy material war cost detail speak such.,2024-07-10
238,804,325,Friend prepare economic six year threat.,2024-08-30
239,918,147,Series better keep down religious write.,2024-11-26
240,356,764,Continue apply care training remain measure argue away kind probably.,2024-12-18
241,951,803,Operation six occur carry help school Mr race.,2024-08-12
242,852,84,Brother attorney positive different score.,2024-09-14
243,39,225,Door leave get southern computer position born.,2024-11-03
244,316,715,Authority pattern dog low central but.,2024-06-03
245,883,383,Water take several a film adult middle half provide.,2025-01-16
246,470,212,Store attention deal hope game part apply poor.,2024-12-08
247,42,912,Best tough head course fine bar thank region rule.,2024-08-17
248,222,293,Lose raise leg yeah remember represent whether never wonder.,2024-02-29
249,181,982,Free bag perhaps want budget.,2024-07-29
250,597,353,Government drop boy light might.,2024-05-26
251,837,892,Follow character suggest behind for.,2024-11-26
252,814,545,To assume rather before car.,2024-10-13
253,477,206,Feeling sea Mrs brother special box describe top.,2024-08-03
254,104,169,Writer these many card message color town.,2024-03-22
255,919,535,Sense big special pattern himself check local represent.,2025-01-07
256,536,86,You treat world popular full subject once professor.,2024-08-20
257,206,736,Account teach three material recent near drug three treat the.,2024-10-25
258,11,257,New treat network end part major kitchen enjoy hard ever lay.,2024-08-28
259,591,578,Garden arrive require year military your tree morning camera evening in.,2024-10-02
260,299,682,Possible pretty key although these force adult expect always history.,2024-06-22
261,935,563,Develop affect effort subject performance produce never race paper fire.,2024-07-13
262,286,683,Hear citizen sense candidate benefit thank expect southern chance.,2024-09-23
263,235,78,Town general real happy political ground think front attack mean.,2024-08-06
264,985,274,Company bar wall employee owner push.,2024-10-12
265,921,2,Evidence choice prevent cut poor.,2024-09-28
266,40,796,Vote worry until public grow medical red happy news.,2024-10-01
267,588,267,Start across key hour modern hair claim factor.,2025-01-07
268,321,285,Learn physical tend should current.,2024-12-22
269,913,122,Call cup expect economy always discussion.,2024-12-04
270,729,569,Attorney tax air enough every.,2024-09-06
271,445,27,Investment new people threat campaign type guy write kitchen including.,2024-10-05
272,600,969,Writer able case rock resource glass.,2024-08-20
273,999,860,Since particular per film author at.,2024-03-05
274,298,122,Sometimes enter attack fire recent very.,2024-05-25
275,167,788,Want Democrat office design.,2024-02-18
276,403,690,Stop from husband standard inside word and.,2024-12-26
277,747,713,Young season analysis fall accept line agent everybody discussion.,2025-01-23
278,201,407,Responsibility class one your performance day drop husband old.,2024-10-06
279,712,3,Arm traditional apply economy throughout.,2024-05-29
280,119,611,Protect business land ago find structure half could next former in.,2024-10-25
281,953,337,Industry quickly program sometimes difficult.,2024-10-18
282,98,668,Official power sell education three water.,2024-05-01
283,208,303,Network mother stuff especially.,2024-02-15
284,931,207,Health garden soldier positive whether line safe expert media thus.,2024-08-26
285,257,968,Style true process action year end people.,2024-08-21
286,937,527,Charge rate pretty imagine always father natural.,2024-06-01
287,194,902,Among understand church so.,2024-06-05
288,228,430,Company audience any candidate early high more.,2024-11-22
289,934,584,Somebody represent source add certainly which.,2024-04-13
290,268,217,Usually education it beyond miss free.,2024-05-17
291,405,959,Prove hold quickly tough site general home benefit pattern design.,2024-03-11
292,800,162,Mother surface must conference peace may partner soon small today.,2024-05-05
293,612,533,Significant attention clear world national tonight.,2025-01-06
294,1000,280,Seem thank war himself morning candidate lawyer throw practice feel.,2024-07-30
295,838,751,Others else fact look individual large thus resource.,2024-09-06
296,916,417,Really civil level within white produce.,2024-07-16
297,429,707,Benefit where daughter somebody two door offer nation represent number.,2025-01-13
298,18,478,Million morning be effort anyone quality various special expert.,2024-09-25
299,939,625,Modern season since role heavy game idea modern represent difficult.,2024-10-30
300,816,651,Bar heart under speak stay matter light citizen computer.,2024-12-08
301,413,401,Idea behavior decision understand board strong attorney reveal artist suggest.,2024-11-29
302,971,789,College few require seek attack improve paper example success.,2025-01-15
303,955,798,Baby recent despite student learn budget let color choice national let.,2024-02-17
304,740,707,Argue cultural word cut may claim have necessary appear music once.,2024-09-10
305,3,307,Mission much organization nature civil either although per.,2024-05-16
306,492,736,Must candidate effort discussion environmental tell require.,2024-03-29
307,667,566,Have Mr everybody follow me assume list.,2024-06-16
308,277,491,Team friend little structure deal difficult service major.,2024-10-11
309,383,802,On people discover ever data interview right.,2024-02-28
310,251,922,Room represent subject smile.,2024-11-18
311,843,449,Music loss number scene write.,2024-03-30
312,564,177,Crime all soldier major security life.,2024-07-02
313,790,711,Provide current subject possible always view picture.,2024-06-02
314,882,22,Dinner wall research outside case religious.,2025-01-19
315,70,51,Feeling watch move bill at bed strategy either.,2024-02-18
316,929,616,Own charge as song.,2024-02-28
317,642,493,Plan house military easy walk may president bag theory attack.,2024-03-14
318,403,84,Meeting leader not Mr within.,2025-01-17
319,936,249,Board seat air structure one so system method.,2024-05-04
320,156,271,Conference own some add pattern sure he daughter mouth cause.,2024-11-04
321,20,230,Also adult real back son service end special.,2024-05-04
322,373,558,Never sister west outside identify discover cup soon treat.,2025-01-30
323,184,946,Field process specific economy particularly card parent apply.,2024-06-23
324,12,255,Quite always general so me leader create common.,2024-04-16
325,372,704,Who strategy hand decision country adult although.,2024-03-02
326,837,188,Of from fly left expert participant buy else.,2025-01-15
327,268,761,I set appear line suffer manage every central stand line.,2024-11-21
328,610,997,Perhaps bad garden tax fire stop number Mrs.,2024-08-08
329,983,613,Check rule want seven board practice group pretty manage.,2024-08-08
330,809,314,Truth phone machine real trial room inside.,2024-09-30
331,668,987,Pm national single hear.,2024-04-30
332,25,643,By general describe particular poor.,2024-10-17
333,802,791,Above science respond red.,2024-08-31
334,431,810,Interview perhaps force administration American.,2024-10-04
335,394,613,Include six protect around must protect unit player phone.,2024-09-18
336,570,888,Street southern gun project.,2024-02-19
337,934,834,Young assume quickly represent into miss provide.,2024-02-21
338,354,728,Send resource somebody war value action ability then couple.,2024-07-04
339,424,553,Fill admit west son book.,2024-04-18
340,645,668,Spring mean toward process authority.,2024-12-08
341,551,846,Space oil trade these her dream whole fast Republican.,2024-06-23
342,152,623,Very practice treat hair sign gas young already democratic remember him.,2024-09-11
343,11,732,Economic in especially husband paper wind admit key never.,2024-11-12
344,789,218,With night star social certainly sound present none eat door.,2024-04-27
345,891,26,Increase already woman how.,2024-08-30
346,786,333,Common skin high nature where television.,2024-06-03
347,148,30,Responsibility company floor drop here.,2024-10-15
348,289,141,Story bank attention would from interesting decade.,2025-01-29
349,218,533,Civil heavy music toward deal middle.,2024-04-14
350,517,790,Guy weight top employee economy cause rich born behind.,2024-03-09
351,191,130,Over chance fast well provide daughter strategy.,2025-02-04
352,794,529,Interview major crime life item win positive law individual.,2024-06-16
353,353,602,Sea rather successful stage ago work six a put prove.,2024-03-11
354,279,544,Protect yes then chair safe value federal.,2024-05-15
355,472,542,Everything so majority ready country anyone its wear describe now.,2024-10-08
356,19,212,List field different area he even adult.,2024-05-02
357,512,549,Sense meeting condition authority benefit myself.,2024-11-27
358,98,531,Oil understand property threat indicate risk.,2024-10-27
359,158,428,Law main important design two pull program.,2024-08-11
360,86,372,Again he sport film letter itself though.,2024-10-10
361,192,54,Next school those eye too administration significant Democrat.,2024-08-20
362,579,625,Plant from something current off hospital.,2024-06-15
363,712,135,However organization everything oil cost deep add possible east myself.,2024-11-26
364,860,586,Center everything wait night environment guy religious garden on social.,2024-08-13
365,372,655,Everyone choose wind themselves trial.,2024-04-13
366,918,276,Growth close ago raise officer full art piece body data.,2024-03-20
367,893,285,Artist see system necessary sort all.,2024-10-28
368,884,373,Sister senior simple grow act surface population environmental good maybe.,2024-08-03
369,253,265,Our ability old pull different table two employee.,2024-02-16
370,914,100,Describe sort become marriage word study offer city professional.,2024-06-03
371,766,292,Agree short center from dream movement result focus forward.,2024-05-09
372,224,796,Issue detail real she song available.,2024-05-16
373,200,70,Remember approach late edge night each available.,2024-04-24
374,854,447,Ok pass responsibility history either after forward but wish history.,2024-06-30
375,597,768,Our material example likely economy exist president across.,2024-06-13
376,196,915,There field nice find feeling current Mrs.,2025-01-28
377,959,436,Bag dog she foreign ever office artist other find.,2024-11-26
378,23,266,Choice baby and year office wind.,2024-07-19
379,910,974,Any color movement hundred space floor teach.,2024-02-19
380,868,3,She yes wonder operation level.,2024-03-28
381,184,92,Military fact why weight strong talk.,2025-01-23
382,334,611,Leader leader discuss executive traditional protect benefit.,2024-08-29
383,33,429,Six shoulder policy ago factor design bill.,2024-11-20
384,14,569,Field discussion throw artist hundred expert wait trial cut defense.,2024-10-21
385,665,563,The everything really turn pattern buy might tree suffer particular.,2024-11-01
386,947,573,Positive window professional affect already mouth read.,2024-10-02
387,105,231,Receive candidate morning good.,2024-08-15
388,63,504,First sure nation magazine new both your black method energy fly.,2024-12-02
389,438,386,In beat office put its poor none.,2024-10-17
390,667,298,Senior activity carry anything lose.,2024-05-26
391,543,157,Skill some decade admit side draw than.,2024-09-12
392,379,20,Believe popular audience yard which scientist.,2024-06-18
393,378,822,Born help wear truth employee if according partner society enjoy since.,2024-10-25
394,197,651,Able few eight compare lay fall.,2024-11-24
395,290,142,Strategy happy when civil another recent get.,2024-09-24
396,692,644,Single oil decade our protect.,2024-02-10
397,793,63,Give speech team fund major thousand although onto.,2024-03-10
398,41,849,Manager audience yet gas happen.,2024-08-10
399,679,918,Successful yourself cut better alone story tend only network firm.,2024-09-22
400,367,173,Happen edge consumer fine suddenly end.,2025-01-26
401,14,386,Itself exist walk three professional room.,2024-09-28
402,322,754,Reduce as less hard tree body door value decision.,2024-09-02
403,811,158,Always community century cause glass over challenge.,2024-12-12
404,279,364,Middle energy foot cover past.,2024-05-30
405,484,199,Which position some treat professional.,2024-04-02
406,149,675,Control like western size.,2024-03-05
407,240,863,Know meeting though special every.,2024-11-11
408,426,86,Civil before TV work tonight size notice customer be wish.,2024-11-29
409,755,157,Thing remain ready able her apply another choose company represent.,2024-12-24
410,102,534,Store number us skin simply say surface leader girl.,2024-12-04
411,515,86,Than trip laugh reduce nice.,2024-06-21
412,164,818,Claim reason smile wife light citizen head Democrat dinner chair.,2024-06-07
413,532,440,Ever range big rate how plant event this view.,2024-05-31
414,713,30,Unit culture person well reveal song daughter these.,2024-07-29
415,971,534,Hour sound friend impact difficult evidence fast prove.,2024-07-10
416,898,766,Remain notice it three news full mention example rate dark.,2024-12-08
417,221,104,Might indicate turn wall thus she design as explain.,2025-01-20
418,920,773,Second ask country on image.,2024-02-12
419,914,605,Forward use range recognize eight run resource government up.,2024-09-19
420,822,382,We answer such challenge admit.,2024-09-18
421,252,321,Hot field range can allow it interest land defense investment.,2024-09-28
422,855,116,Recently weight home individual well major central ahead western employee.,2024-10-06
423,840,498,Meeting partner build whole customer.,2024-06-24
424,796,311,Record marriage control enter operation only their would fight.,2024-09-16
425,179,681,Popular by song off medical base.,2024-02-11
426,55,983,Give cell able our focus start describe health learn.,2024-12-05
427,15,858,Boy learn industry spend high budget.,2024-10-01
428,610,997,Rest you reason already anything.,2024-04-23
429,138,752,House find hand later theory night way.,2024-12-11
430,608,956,Place raise third sea court forget oil key.,2024-09-11
431,687,703,Off second policy eight be really.,2024-06-13
432,976,388,Ten modern themselves western then bag individual on type.,2024-08-21
433,101,297,Member central television then traditional them election explain indicate short.,2024-04-14
434,950,207,Policy young former model natural charge.,2024-12-29
435,530,70,Up interview common these case too seven lawyer when.,2024-12-23
436,226,543,Design keep customer quickly no.,2024-08-08
437,667,433,Certainly explain meet not finish.,2024-09-04
438,692,639,Product another beyond interesting particular simple.,2024-12-17
439,516,418,Item store good break yourself decade black according.,2024-06-24
440,759,244,Including raise red thought option activity outside concern.,2024-05-14
441,56,615,Good father glass reason interesting purpose himself much.,2024-09-03
442,842,747,Name listen exactly responsibility plan down.,2024-11-13
443,448,938,Establish morning people race reason account employee.,2024-09-06
444,985,866,This investment one amount arrive it security manage lay.,2025-01-19
445,378,919,Interesting direction begin hear past realize show light decade.,2024-07-18
446,693,23,Executive one candidate he spring.,2024-05-05
447,85,788,Second final billion bag arrive director.,2024-11-15
448,803,564,Lead ahead notice drive wish.,2024-02-24
449,331,391,Likely either once green democratic life actually.,2024-11-21
450,370,635,Each western many year force wonder free send unit board.,2024-08-02
451,862,988,Threat design career focus send room book buy yes.,2024-11-11
452,353,610,Strategy know paper success bag story out later.,2024-09-01
453,9,762,Include meet partner five national check throw to adult.,2024-05-13
454,899,399,Whole computer general research stay movie war attention try agent.,2024-03-23
455,442,915,Media create spring door check room though ground hold arm.,2024-04-03
456,898,357,Play apply model mouth serious sign must art bad factor.,2025-01-15
457,742,948,Others some future occur scientist.,2024-07-15
458,947,999,Work last inside alone action water.,2024-08-12
459,979,175,Wish concern past music specific at stop second phone leave.,2024-03-10
460,375,971,Long any group city generation voice huge garden collection goal.,2024-10-12
461,867,996,Range region debate reason morning down student.,2025-01-03
462,395,805,Instead claim field among unit kind family suggest high.,2024-10-24
463,878,357,Simply memory moment son city tough field well outside.,2024-10-17
464,738,552,Sound take bad whatever process evening new something case.,2024-06-19
465,888,453,Bed condition right space yeah condition realize.,2024-04-15
466,718,428,Wide know memory skin reason plant box.,2024-02-18
467,809,692,Because hot main show firm visit visit open especially.,2025-01-21
468,780,562,Best simply us not trade size yet power.,2024-11-05
469,228,140,Possible realize adult he social major whole player happy station.,2024-12-09
470,274,772,Series natural rather through position Republican theory health.,2024-08-24
471,973,937,Perform society pass real how.,2024-04-04
472,693,363,Whole reality everything administration hot.,2024-09-30
473,562,283,Degree own course cultural.,2024-11-19
474,693,801,Cut number factor wonder white.,2024-12-28
475,863,502,Around quickly seek full enjoy treatment range difficult so recent.,2024-11-21
476,291,53,Where decide under great seek soldier able red bad.,2024-07-10
477,255,705,Later evidence participant effect process response water TV.,2024-09-26
478,188,670,Single tax high yet also.,2024-10-09
479,952,918,Situation act class trouble article the line how may.,2024-07-15
480,544,199,Become officer relate reflect officer against want process evidence wonder.,2024-02-22
481,768,444,Bar citizen individual upon final building task radio prepare.,2024-10-08
482,341,456,Investment bed everyone career should physical no.,2024-11-16
483,266,705,Traditional establish information recognize necessary wide product role too.,2024-09-16
484,771,644,North serve success yourself likely right child actually hot speech.,2024-10-21
485,895,18,Something explain his seem see.,2024-07-16
486,500,154,Sport think huge matter both music with other.,2024-09-18
487,375,537,Among tax remember space issue.,2024-03-08
488,674,36,Hear task get road news painting.,2024-08-17
489,974,726,Set hear order prevent up.,2024-09-13
490,130,369,Why industry address president technology guess performance job power happen.,2024-06-01
491,427,557,Sport single line set cold trial admit system high.,2024-06-20
492,110,778,Strong light human easy total money road.,2024-11-16
493,182,229,Guy face can fact she something peace minute clearly history.,2024-11-17
494,51,788,Physical field on the financial open deep.,2024-04-17
495,233,543,Director radio decade opportunity health rise series each avoid middle.,2024-02-24
496,946,387,Cut huge vote little senior list sort example boy.,2024-02-27
497,648,985,Sound month management issue seek every long brother begin rich.,2024-12-08
498,6,557,Think resource early seem leg these street rich win road.,2024-05-14
499,284,4,Spend work which gas factor see early exactly claim see.,2024-08-07
500,460,998,Movement almost travel lawyer tough administration role why.,2024-11-21
501,404,981,Help care buy suffer maybe.,2024-02-26
502,837,452,Do make half win class page around.,2024-06-02
503,49,408,Rest along statement walk star get close ever believe among more.,2024-06-29
504,690,828,Today east save wear with talk street voice.,2024-03-22
505,107,197,Large either world travel third.,2024-06-12
506,632,363,Foreign each world who around board give green thousand car.,2024-02-08
507,303,113,Too teach whether lawyer there what body.,2024-12-10
508,371,501,Difference avoid happy account one attention.,2024-04-17
509,207,315,Service through of raise will theory young too relate.,2024-06-30
510,290,311,On near close PM need health.,2024-12-11
511,517,328,Home history find series participant who much.,2024-06-23
512,915,909,Work since edge watch early.,2024-07-11
513,74,713,Care animal movie degree low skill.,2024-07-25
514,777,408,Maybe deal worker party network walk.,2025-01-28
515,808,889,After probably you manager task forget wait hold.,2024-02-26
516,469,22,Claim since technology listen without almost issue cell.,2024-06-10
517,16,967,Must remember worker must do voice today.,2024-07-09
518,908,135,Thought pick something story method write.,2024-12-24
519,335,471,Before send treat mind worry party finish last whom.,2024-10-17
520,954,373,Name order source democratic how herself determine wind security.,2025-01-19
521,453,756,She speak cultural minute likely close.,2024-07-15
522,317,423,Safe employee exist drug position must effect usually focus it.,2024-11-13
523,822,85,Shake maybe high yourself hard else.,2024-02-20
524,965,714,Conference street black station itself.,2024-07-05
525,333,343,Force wide where former customer food such.,2024-12-14
526,78,14,Thank window just reach serve old reason.,2024-08-25
527,257,425,Save ten whose more audience various others physical husband.,2024-09-27
528,572,388,Positive speak their glass find so close.,2024-09-12
529,183,763,Us positive maintain pretty cause not.,2025-01-07
530,427,392,Gas affect type total message rock.,2024-09-05
531,856,682,Western than state my several conference.,2024-06-19
532,717,803,Think should guess current kind memory home seat.,2024-12-20
533,928,791,Value better option mission nature family close.,2024-12-27
534,394,986,Last store control teach air method task she off.,2024-06-03
535,710,616,Position against federal at it child.,2024-08-10
536,53,649,Opportunity Congress off to southern carry capital forward tough resource.,2024-02-17
537,416,560,Nearly wish decision class include face unit or.,2024-05-03
538,413,92,Popular yes second similar practice cut.,2024-06-01
539,340,732,Far scientist help political also perhaps.,2024-11-24
540,352,417,Media surface record bank growth floor challenge.,2024-05-19
541,895,843,Thousand either conference whether citizen check.,2024-06-01
542,949,896,Radio third kid will space growth answer.,2025-01-30
543,432,230,Threat language recently music into born include real each success.,2024-10-05
544,421,571,Life face participant mean tell.,2024-04-15
545,275,457,Reality table physical research when out anyone word.,2024-10-02
546,967,757,House test energy add her quite four door must believe.,2024-06-08
547,112,518,Within free day against process beautiful.,2024-04-17
548,574,590,Direction trouble friend series what late.,2024-02-21
549,68,62,Option make close radio phone.,2024-04-19
550,922,199,State actually production article.,2024-03-14
551,528,575,Away plan happy full.,2024-11-25
552,48,802,Good anything control reality sing hair floor effort.,2024-02-08
553,967,996,Bed television just financial around plant without raise.,2024-05-07
554,907,550,Benefit court policy teach leader industry former.,2025-01-03
555,943,161,Newspaper ten capital heavy behind wind network number.,2024-08-20
556,82,43,Mention machine head country control live alone employee success treatment meet.,2024-09-23
557,585,694,Congress action air security election produce himself always maintain.,2024-03-23
558,250,70,Light spend traditional drop indicate give throw.,2024-10-15
559,545,769,Assume instead skin politics low.,2024-12-07
560,120,527,Successful institution success partner court represent available present professional.,2024-03-03
561,809,411,Approach Mr style much call American some through simply teach billion.,2024-08-02
562,666,310,Serve price once task eye.,2024-12-11
563,696,47,News daughter government market ok certainly.,2024-06-06
564,802,183,Attention long culture join floor chance enough half record forward.,2025-01-16
565,60,294,Maybe participant their work quite walk involve himself fill add.,2024-07-12
566,617,332,Natural school various long example.,2025-01-17
567,799,191,Will piece over use animal.,2024-04-15
568,694,841,More first order high impact none three still student.,2024-04-20
569,50,790,Environmental difference through country produce decision push people.,2024-07-31
570,146,601,Performance field very seat attack great cultural fund.,2024-08-24
571,740,391,We blood born service cultural economic.,2025-01-21
572,537,445,Reason return bag arrive human.,2024-07-22
573,787,298,Without not voice purpose room area decision.,2024-07-27
574,958,116,Interesting life put control west break sure.,2024-07-09
575,37,620,Understand dog head her attorney whatever family institution size agency.,2024-07-16
576,669,819,Contain worry must interest each realize focus offer.,2024-02-17
577,54,108,Enter that project throughout college sister appear.,2024-12-25
578,841,384,Day paper lay friend federal reflect reason forget.,2024-07-08
579,387,124,Crime seek probably summer culture even when charge within.,2024-03-21
580,634,500,Second group mouth group cut even sea analysis.,2024-07-30
581,359,335,Beyond feeling finish under mean every though garden thousand something.,2024-04-19
582,710,630,Especially baby successful our program black current assume.,2024-05-19
583,517,332,Moment us fact throw sister pressure.,2024-11-23
584,18,917,Add catch thus speak less kid artist foot program.,2024-08-20
585,394,157,Well hot under chair far professional however machine computer.,2024-12-08
586,601,10,Charge at west small reality cause place use.,2024-07-19
587,455,520,Tough pick so hundred.,2024-12-30
588,930,687,Onto quite specific film fall.,2024-02-21
589,915,660,Wait apply city million activity most make general.,2024-08-15
590,585,123,Growth wind debate door particular although billion policy manager.,2024-06-04
591,805,612,Thing source set ground energy little arm bar sell.,2024-03-05
592,381,754,Class agreement culture toward instead dog.,2024-03-21
593,970,615,Rich politics same scene around gas opportunity.,2024-03-07
594,194,503,Watch company which become direction president cut major travel.,2025-02-06
595,549,478,To author care beautiful character.,2024-04-13
596,260,946,Another education almost Mr generation act.,2024-12-24
597,234,627,Politics yourself late a data tend story.,2024-12-26
598,523,143,Agency live born official make himself.,2024-03-10
599,173,360,City wear east especially music contain begin.,2024-07-28
600,53,741,Know address trial cause sell political wish southern.,2024-12-30
601,331,953,Plant above compare leave lead left some after similar why.,2024-02-14
602,827,773,Majority training contain chance second resource energy several.,2024-05-18
603,184,550,Realize your affect computer performance decision include according week.,2024-11-26
604,257,378,See activity simply religious then.,2024-08-01
605,516,534,Way meeting control could put woman bit goal really.,2024-06-15
606,863,243,Someone term give mean ball them view teacher attention away.,2024-10-06
607,666,908,Computer season early coach nation.,2024-09-13
608,466,3,Certainly general court time open list decide.,2024-12-23
609,911,43,Long training pretty clearly raise view local develop meet leave.,2024-06-26
610,720,38,None decide standard teacher.,2024-07-03
611,410,757,National resource any thank environment main result Democrat lay act make.,2024-12-28
612,71,698,Concern specific next laugh maybe argue.,2024-07-11
613,562,651,Alone risk talk policy morning result admit more economy exist.,2024-12-10
614,375,594,Hospital that summer anyone set reach speak page.,2024-08-08
615,64,737,Threat experience however respond put before just establish moment.,2024-08-21
616,980,707,Life detail ready help add save short.,2025-01-08
617,994,355,Accept charge heart event let talk under.,2024-02-09
618,576,443,Around good produce until more.,2024-10-14
619,699,971,Stock manager tell be.,2025-01-20
620,760,370,Line view prepare present attention often rise.,2025-01-29
621,810,614,Cup individual sign mention again threat manager.,2024-11-17
622,439,598,Foreign although everybody arm fund air.,2024-03-30
623,134,820,Phone something until until act decision.,2024-02-17
624,325,969,Certainly establish finally candidate draw response idea.,2024-02-07
625,735,801,Thus research political or develop bank.,2024-03-31
626,143,351,National family outside purpose strategy.,2024-08-26
627,917,74,Old relationship participant pass.,2024-10-31
628,531,854,Person despite issue could return message.,2024-10-22
629,411,705,Wife doctor reduce difference them often agreement.,2024-05-19
630,64,901,Over particularly include world find first look.,2025-01-01
631,954,362,Lot another else cut son.,2024-10-14
632,444,957,Carry foot husband box senior who finally popular.,2024-05-02
633,444,198,Around wife citizen become write business choice another great current.,2024-07-02
634,115,485,Team watch save draw significant.,2024-04-29
635,458,990,Every player company professional range.,2024-05-20
636,342,208,Nothing class rule film college.,2024-09-20
637,158,271,Return easy agent station Mrs eight.,2024-05-10
638,928,936,Plan possible someone ball enter accept.,2024-04-26
639,832,128,But long action something crime she author make recently.,2024-11-05
640,587,596,Also oil claim listen Mrs large wrong argue change stay.,2024-03-11
641,495,486,Good listen simply heart follow system.,2024-12-28
642,588,370,Camera make exactly civil option action source.,2024-12-24
643,24,857,Keep Mrs near city together heart.,2024-10-06
644,445,374,Attention series model notice major plan.,2024-06-09
645,204,986,Population think nor price all any year audience meeting.,2024-04-19
646,99,528,Along suggest ahead their enough home.,2024-12-09
647,402,794,Effort herself girl sort office according rise single party lose.,2024-09-04
648,351,232,Republican year popular evidence popular very just attention memory.,2024-09-08
649,58,729,Though without mention Mr himself.,2024-10-19
650,74,150,Population knowledge bed total image cold.,2024-04-16
651,25,50,Up top head front Democrat.,2024-04-29
652,58,281,Item recently fish let analysis finally machine.,2025-01-05
653,83,540,Fine part expect pretty operation security world.,2024-06-23
654,983,917,Value artist worry Democrat figure capital trouble visit picture speak.,2024-10-22
655,75,131,Film water conference can part ready own sit.,2024-08-15
656,756,229,Painting just condition chair my.,2024-10-19
657,942,676,Officer until voice ground interest difference.,2024-03-06
658,166,684,Area on know inside happy.,2024-11-13
659,341,706,Allow ever wide eat than response.,2024-11-23
660,931,461,Bring first far show five garden agree support life.,2024-07-11
661,328,97,Middle everyone form street every bag.,2024-11-29
662,901,595,Others free late threat media follow hit.,2024-12-15
663,575,413,Officer leg voice blood.,2024-04-04
664,412,234,Loss response stuff sometimes ever country teach authority now article.,2024-12-22
665,891,971,Expect opportunity by game though yet.,2024-04-29
666,761,561,Front recent address impact majority gun red challenge.,2024-12-20
667,353,216,Mrs summer popular explain think paper feel air concern foot.,2024-11-01
668,227,905,Summer plant PM subject learn.,2024-10-19
669,998,759,Future threat development car activity.,2024-10-13
670,511,551,Writer authority grow manage already agent its southern security continue.,2024-07-01
671,823,651,Least wife difficult course these remain.,2024-03-13
672,192,448,Anyone knowledge half drop agreement hour direction plan state manager.,2024-04-15
673,357,97,Save energy ask region thought ability.,2024-06-12
674,595,984,Seem country less organization fill.,2024-07-28
675,844,24,Assume participant standard change without.,2024-02-25
676,131,186,Go beat foreign water story.,2024-08-15
677,384,281,Unit figure study hotel decade improve trouble family.,2024-05-26
678,515,425,Anything yet sign necessary woman step physical specific financial.,2024-04-26
679,550,865,Involve she along doctor evidence pattern across.,2024-11-02
680,575,256,Usually leave discussion Republican deal.,2024-08-24
681,446,441,Great me popular always can.,2024-09-20
682,227,912,Worry next discussion cell per enter.,2024-07-01
683,487,840,Ever itself source behind teach.,2024-05-17
684,225,158,Much article we upon plan.,2024-09-23
685,510,186,Less total lose bill this expect people.,2024-09-14
686,971,700,Account night water find key player smile lose choice effort.,2024-06-25
687,967,88,Arm list movie back phone fish picture.,2024-10-31
688,580,709,Class affect blood her low lawyer girl affect.,2024-10-14
689,113,189,Soon nation scientist team institution four note hour draw front.,2024-05-27
690,92,530,System prepare newspaper affect group food.,2024-04-18
691,526,888,Identify pull help listen physical national accept action professional.,2024-09-13
692,716,964,Group people down certain offer throw short.,2025-01-03
693,905,417,Operation area in school someone what.,2024-05-11
694,968,643,Free expert certainly why economic baby truth pick cover.,2024-03-29
695,359,327,Manage threat window already activity necessary.,2024-08-04
696,274,776,Factor indeed idea artist something former scientist run.,2024-12-29
697,449,32,Deal score language man story son.,2024-11-04
698,467,835,Smile think around add instead how give no process.,2024-08-31
699,499,339,Spend us name his fact network huge.,2024-10-19
700,1,375,Major will enter thus shoulder result writer seem.,2024-02-16
701,804,266,Home movement also blood only energy.,2024-03-04
702,842,193,Say write billion many environmental house build.,2024-04-14
703,960,346,Marriage agent how job affect.,2024-04-11
704,879,146,Area break able pretty training.,2024-08-18
705,416,610,Read anything Republican adult notice whole inside ability.,2024-10-25
706,263,597,Manager build personal science without try.,2024-03-27
707,803,459,Lose computer day billion certain product husband PM.,2024-02-22
708,813,378,Owner travel star whom age pattern hair condition.,2024-07-15
709,945,852,Value before morning member off four.,2024-08-26
710,425,417,These street than eye spring resource.,2024-10-14
711,999,746,Use true position somebody five understand strong nearly card five.,2024-12-15
712,530,962,Feel town might south.,2024-05-04
713,657,555,Argue throughout hard approach drop just probably his brother.,2024-03-19
714,136,91,Final speak get then want as nothing bag like.,2024-09-25
715,272,104,Along trial design it live drop.,2024-11-13
716,477,745,Act provide agency end discover as institution.,2024-05-06
717,871,587,Similar bed three account responsibility cup else next try would.,2024-08-19
718,920,884,Know only expect important suffer teacher sea see what.,2024-03-03
719,630,35,Thank community per during study change seven form white.,2024-10-31
720,523,574,Prevent democratic also serious firm.,2024-09-30
721,868,955,Thousand ahead not medical share pretty matter public.,2024-05-18
722,357,414,Population price forget note project day.,2025-01-14
723,834,904,Find write business laugh understand never already Republican beyond reach.,2024-07-04
724,223,930,Require themselves move talk effect easy enjoy first idea.,2024-03-16
725,196,45,A past together much ok dark along individual degree.,2024-11-01
726,466,575,Them even several ask popular life outside newspaper.,2024-05-20
727,210,707,Meet so ago single second education effort cut agent.,2025-02-06
728,380,425,Site stay detail huge front.,2024-05-06
729,679,259,Far point determine us cause voice star national anything.,2024-12-08
730,565,993,Play race tonight son wrong.,2024-03-21
731,627,929,Yeah do contain send power leader baby away top accept.,2024-03-08
732,25,206,Improve interview society upon benefit trade.,2025-01-07
733,851,999,Too main open authority structure allow responsibility court with.,2024-05-06
734,653,258,Somebody central game firm test grow interest.,2024-04-12
735,288,63,Still high nothing young put change direction.,2024-09-13
736,500,845,Discussion building lawyer order affect large some your serve.,2024-04-09
737,915,255,Consumer soldier smile his stop.,2024-06-26
738,898,102,Employee computer turn ten ability add.,2024-07-23
739,362,284,Reach hard analysis kid begin.,2024-11-17
740,411,979,Hotel memory give in usually writer single nature detail go.,2024-11-20
741,17,708,Think list democratic smile answer up draw.,2025-01-26
742,803,936,Set window take within member between partner.,2025-01-03
743,506,653,Program myself up son yard purpose billion north million.,2024-06-27
744,120,151,Word citizen table forget likely thousand.,2024-11-22
745,966,661,Together happen choice capital improve check eat.,2024-08-06
746,149,117,Argue poor girl technology house.,2024-06-25
747,260,886,Blue act generation drop audience thought miss receive.,2024-11-14
748,950,267,Ago care television hot or.,2024-09-09
749,342,916,Do century personal learn stay debate medical carry past.,2024-09-23
750,912,491,Section again series seat tell main shake reality position nation.,2024-09-24
751,356,785,Person stock memory successful young campaign yes sister hospital must.,2024-05-23
752,156,195,Others grow former grow business or say meet.,2024-08-18
753,332,688,Writer stand head themselves within thank item my center.,2024-12-27
754,791,452,Republican rate opportunity success.,2024-07-07
755,484,202,Nice why action analysis region teach compare commercial.,2024-08-02
756,422,4,Foreign power occur least former point read.,2025-02-05
757,676,384,Account cultural tough energy moment public future radio.,2024-06-06
758,729,384,Ten push lay full loss professional staff exactly father bad.,2024-08-15
759,86,272,How at goal continue take entire.,2024-03-15
760,744,170,Phone within herself arm so.,2025-02-03
761,2,540,Open bed street size perform any.,2025-01-05
762,442,423,Important computer director herself raise quickly business.,2025-01-08
763,617,265,Us forward stuff mission prevent.,2024-11-20
764,568,856,Tax half single employee bag budget weight.,2024-05-23
765,251,859,Safe trade improve upon market manager use move explain.,2024-04-09
766,988,188,Total front American computer management process bag environmental.,2024-10-28
767,369,430,Certainly do rule television store region concern teach party face.,2024-11-29
768,175,606,Budget career American rich kitchen recently science might again line.,2024-07-24
769,278,494,Strategy quickly money amount sort today set.,2024-10-11
770,473,807,Because could consider central trial read.,2024-06-27
771,758,871,Heavy citizen friend we relationship act enter.,2024-03-29
772,761,743,Care happen mind even visit court investment personal bring.,2024-06-08
773,178,922,Girl ball table fund pass moment before with.,2024-11-21
774,693,744,Scene situation pass serious only house themselves fine.,2024-09-02
775,485,726,Education short detail newspaper share rise beyond glass speech practice.,2025-01-30
776,512,925,Short also dinner understand office attack.,2024-09-02
777,380,556,Service firm radio part win really.,2024-03-01
778,578,868,Minute animal bring respond usually fire.,2024-09-10
779,449,639,Participant action southern themselves hospital sport beautiful current.,2024-03-23
780,63,700,Care trouble teacher front middle policy feel visit.,2024-08-02
781,104,370,Space arrive seek check build add similar city.,2024-06-09
782,155,776,Ask idea nature human expert effect environment number theory make role.,2024-10-16
783,650,708,Live wrong class edge some catch read tend national.,2024-04-23
784,118,975,Value available mother ready shoulder baby.,2024-04-02
785,431,195,Collection everyone message car live issue.,2024-04-28
786,26,591,Drop him green themselves activity management.,2024-04-08
787,779,350,Field trouble movie task thought yeah prove.,2025-01-22
788,477,260,Official safe media production back effect trade join available work.,2024-08-16
789,724,125,Media pressure there different financial citizen.,2024-11-25
790,493,506,Same she day lot audience ok message dark building.,2024-02-18
791,324,490,Official expect government federal police be bank arm.,2025-01-28
792,547,307,Standard develop trouble story deep modern.,2024-07-25
793,510,142,Figure space too benefit.,2024-07-05
794,984,673,Clearly our rest same strategy in beautiful deal add.,2024-03-28
795,613,982,Side allow physical drug nor even couple difficult.,2024-08-02
796,51,11,Spring note small action painting from call.,2024-08-04
797,896,593,Drug sell beautiful eight result rock glass career local add.,2024-10-08
798,350,604,Story move sort machine defense cultural result third.,2024-04-06
799,535,841,Republican involve both nature area camera garden fish.,2024-09-14
800,424,456,West rate reason building report idea experience certain president.,2024-02-07
801,742,120,Game chance statement century continue impact natural weight memory impact call.,2024-11-29
802,476,963,Modern however medical education oil player management structure.,2024-12-28
803,309,680,Finally push guy site fact.,2024-10-13
804,863,427,Role a who why focus hope.,2024-07-20
805,254,251,Yard quality turn even event lawyer there.,2024-09-01
806,710,625,Candidate also allow start oil network.,2024-09-08
807,752,357,Effort continue street job material seven both.,2024-05-06
808,228,783,Next team Mrs director positive ten represent teacher.,2024-12-03
809,137,36,Attack kitchen however traditional rest trouble environment both.,2024-08-19
810,541,182,Beautiful process everyone clear interview list support.,2025-01-05
811,301,855,Born move carry reach public kitchen remember discover event drive.,2024-07-13
812,396,159,Yourself amount control billion point look.,2024-06-09
813,542,433,Major strategy service and gun better.,2025-01-23
814,737,191,Religious who they safe.,2025-01-01
815,149,749,Civil young foreign seat save candidate low true why.,2024-11-02
816,716,482,Middle director just company many success seven.,2024-12-03
817,674,578,Mission art enter agreement former herself feel doctor before.,2024-05-14
818,522,592,Land around a glass before.,2024-07-19
819,665,802,Amount bag near many budget situation.,2024-05-05
820,322,157,Big into buy start whatever read there people process hundred.,2024-09-19
821,399,388,Herself free officer stock election television bit.,2024-03-21
822,829,559,Sister close agency whether tough line lot one condition.,2024-03-29
823,106,34,Child impact simple research key general I.,2024-05-27
824,809,662,Accept discuss rest thus a table significant key act.,2024-12-10
825,821,22,Kitchen item in environmental relate.,2024-07-10
826,751,662,You prove relationship mention toward behind only brother social especially first.,2024-03-12
827,445,214,Another man two crime.,2024-02-12
828,455,640,Group together plan last risk.,2024-08-24
829,995,807,Dream computer very each sport each past music early cut.,2024-06-26
830,968,633,Important already drug bit animal.,2024-12-21
831,834,477,Mean southern together four sound skill part rate.,2024-04-26
832,818,408,Officer team whole body surface that.,2024-12-22
833,398,502,Pay maybe until activity design.,2024-05-24
834,352,762,Plan specific such skin character already image apply.,2025-01-26
835,285,4,Close view protect bill mother floor me husband several operation.,2024-08-12
836,684,381,Attack a professional notice parent like respond social small yes.,2024-06-20
837,838,155,Chance ability somebody argue herself.,2024-09-28
838,638,263,Professional conference friend language.,2024-10-02
839,813,426,Center affect yourself culture region have especially six performance.,2024-03-05
840,245,420,Current nature institution young sell rest.,2024-04-22
841,402,435,Social number society but so or.,2024-12-27
842,323,521,Hospital that end defense interview.,2024-12-22
843,530,194,Forget the final election which very side follow study determine.,2024-10-29
844,626,497,Avoid test until recognize real age west technology.,2024-03-27
845,27,747,White personal at for kitchen technology.,2024-07-02
846,633,855,Drop trouble short instead in.,2024-05-21
847,440,286,Before week green kind car mother skin woman language month.,2024-09-07
848,865,831,Kind mind bit expert star article.,2024-08-14
849,447,694,Push current play task live beyond democratic.,2024-04-02
850,567,216,Yeah cup phone fly will sign federal.,2024-10-18
851,771,962,Small support court pass trial tell occur whatever.,2024-04-15
852,316,563,Catch understand heavy bag clearly himself force evidence.,2024-11-09
853,697,200,Imagine shake analysis career hundred sense wind total wind movement.,2024-04-24
854,682,977,Despite leg group social student dog administration land thing everyone.,2024-08-30
855,755,449,Laugh single magazine herself fear send expect.,2024-11-01
856,390,743,Citizen news fall reach accept government.,2024-12-28
857,791,171,Road ahead out dark citizen analysis direction how.,2024-04-30
858,833,357,I employee assume later surface and need chance less accept.,2024-06-08
859,434,358,Election ask his report decade human view court enough well.,2024-05-07
860,890,788,Same also group couple good recognize and agree.,2024-05-10
861,647,781,Day represent because perhaps action morning ask much day.,2024-08-15
862,273,920,Direction write remain toward serious method.,2024-05-07
863,861,600,Fill his without read alone.,2024-03-07
864,311,421,Foreign decade across three foreign.,2024-03-07
865,295,788,Else moment speak view else green institution.,2024-06-21
866,547,14,Much month career notice social toward where policy can.,2024-08-27
867,390,526,Film field president them Mrs.,2025-01-15
868,411,780,Foreign attack benefit house try likely prepare point people type.,2024-04-08
869,237,754,Buy close trade against forget.,2025-02-03
870,307,147,Front team see stay leader threat should ever air friend.,2024-12-07
871,162,974,By painting window claim various deal store hotel.,2024-04-01
872,85,600,Very start space short concern out.,2024-07-03
873,601,801,Operation none attack newspaper born particular final out practice.,2024-12-21
874,455,838,Your others admit who around receive international social.,2024-07-06
875,762,760,Model answer not food month.,2024-09-27
876,464,649,Send early when notice three can while.,2024-11-11
877,53,352,Society employee scientist both stuff challenge Congress city example during piece.,2024-03-09
878,545,903,Put pretty forward occur collection heavy week nor member personal.,2024-10-27
879,799,945,On plant floor mind simple memory argue.,2024-10-12
880,54,928,Note not worker foreign late course draw decade east entire.,2024-07-12
881,272,232,Stage environment wind fight return for fact center.,2024-04-24
882,402,174,Make think require real four.,2024-05-16
883,147,358,Business soldier religious hair build lawyer imagine.,2024-07-05
884,846,35,Behind hard hold line check.,2024-05-18
885,620,620,Offer range send goal west magazine space water morning music.,2024-07-19
886,464,839,Crime method ever lose whom my.,2024-09-27
887,617,889,Tough office benefit attention safe focus Congress court.,2024-07-02
888,672,860,Author military win party structure.,2024-03-04
889,156,481,Heart player economy move instead base pick up really culture.,2024-06-20
890,706,124,Myself choice style laugh significant include rest.,2024-05-13
891,953,680,Interesting tell medical thus bank money forward.,2024-08-19
892,59,734,Half successful space sense weight score guy painting operation.,2025-01-12
893,389,495,Director reach hit argue back serious clear south economy suddenly.,2024-06-20
894,625,492,Suffer point kitchen toward husband.,2025-01-24
895,419,564,Apply picture member she room avoid knowledge college.,2024-12-14
896,670,998,Benefit charge short product add support hard them defense hour.,2024-03-06
897,686,743,Peace toward staff special him time already ever education company similar.,2024-12-13
898,991,165,Arm husband one recognize company police year will.,2024-02-17
899,653,875,Center save modern weight whom stay position money however.,2024-03-03
900,464,66,Operation top dark little system decade road plan.,2024-10-15
901,78,632,Everything piece spend pressure remain.,2024-12-13
902,892,671,Increase data per wide tend international computer large.,2024-11-12
903,823,595,So nation left that fish tax quite leave show remember.,2025-01-04
904,97,234,Week along more guy try wish.,2024-11-08
905,811,326,Education south animal until.,2024-07-27
906,642,932,Involve site claim notice indeed impact.,2024-10-23
907,945,539,These subject charge write air hot cold.,2024-12-24
908,756,28,Project theory order different dog.,2024-03-02
909,395,980,Up recently benefit different successful do become admit trouble.,2024-10-23
910,529,597,Remember raise whatever hard contain piece.,2024-08-06
911,551,216,Brother myself all after cup environment energy four street face.,2024-02-14
912,417,316,Unit argue father challenge pick beautiful effect.,2024-06-11
913,592,217,Chair mean black support money system past over onto manager upon.,2024-09-11
914,897,601,Score dream network generation worker adult.,2024-12-25
915,640,99,Can base rate turn sing box begin car sing.,2024-03-16
916,860,61,North front act that must answer land.,2024-10-25
917,949,328,Many late yet tax task weight report economy shake.,2024-02-11
918,65,504,Certainly news analysis future film.,2024-06-24
919,400,16,Within lot interest movement number author cold increase.,2024-04-02
920,806,906,To seven discuss you heavy yeah note memory child forward.,2024-04-09
921,657,291,Their four often president or team.,2024-08-29
922,382,215,Early feel pay entire available authority fine bed power along.,2024-10-25
923,778,610,Cell test reflect wind happy attorney.,2024-10-09
924,410,68,Modern middle campaign open economy ball art effort many put.,2024-04-13
925,981,441,Scene take necessary important.,2024-02-24
926,609,692,Surface story develop my project town name actually my.,2024-06-27
927,150,46,Sound yeah friend station then alone everyone per per star.,2025-02-01
928,621,540,Else draw year others million hair concern another direction since.,2024-11-18
929,263,152,Herself everything generation history Mr staff.,2024-11-16
930,396,784,Computer pick stock now economy authority.,2024-09-05
931,215,538,Job language hold effort popular.,2024-09-12
932,258,50,Effort around fill right charge power everybody.,2024-08-07
933,143,722,Responsibility contain Republican one room leader develop administration peace history.,2024-04-16
934,899,255,Popular two particularly difference service over present.,2024-10-16
935,415,80,Per yet nearly wear begin owner realize.,2024-04-05
936,824,721,Option catch alone end traditional travel go carry indeed particular.,2024-07-26
937,799,817,Star time economic six voice many.,2024-10-25
938,462,199,Eight professor teacher decide bag mouth happen water.,2024-04-08
939,550,923,How market black consider themselves data.,2025-01-01
940,294,766,Talk finish plan new.,2024-03-12
941,863,775,Receive phone writer rule off safe attack.,2024-10-17
942,490,315,Believe level artist game government mouth home receive watch source.,2024-12-17
943,497,271,My check author future front administration.,2024-10-18
944,566,104,Analysis feeling person cut eight national stop road.,2024-06-01
945,848,789,Local sort suggest professor record final.,2024-03-02
946,68,846,Player car marriage key focus prepare base surface pressure.,2024-06-15
947,266,92,Behind four study lose public.,2024-11-15
948,173,568,Until young walk certain stage.,2024-02-20
949,904,583,Certain growth magazine road star century.,2024-05-19
950,572,200,Process each car usually different ever.,2024-03-24
951,138,424,Catch expert civil whose campaign.,2024-10-28
952,507,96,Have also he would family.,2024-09-09
953,699,220,Try factor as green official realize.,2024-12-17
954,425,581,Candidate the technology open town want doctor.,2025-01-25
955,252,433,Account oil get effect forget security look shoulder lose.,2024-06-14
956,292,874,Fear institution act financial affect.,2025-02-05
957,449,625,Growth mean spring executive little participant himself her treat station.,2024-06-01
958,847,226,Leave call enough feel gun.,2024-08-27
959,431,264,Some anything magazine see way buy attack why evidence stage.,2025-01-19
960,253,536,Course deal participant turn mention.,2024-04-19
961,168,104,During success practice page surface Democrat any participant age center we.,2024-09-24
962,183,719,Language paper huge season court may word.,2024-11-16
963,408,508,East important baby your foot identify.,2024-02-22
964,387,254,Kid stage institution range finish particular send a.,2024-10-10
965,86,481,Wish hospital wide me continue safe now page personal contain.,2024-07-15
966,72,120,High laugh president woman sing staff budget three despite thank.,2024-03-29
967,519,708,Station probably star generation your serious.,2024-04-04
968,221,911,Alone impact gun life chance quite record change number.,2024-04-20
969,930,384,Better experience especially production society PM near win offer career.,2024-08-25
970,414,650,Against war coach each direction.,2024-09-03
971,117,848,Analysis detail so suddenly person gun sing.,2024-02-18
972,670,726,Baby pay single strategy PM.,2024-12-19
973,637,499,Goal anyone rich available word bag.,2024-09-19
974,534,936,Provide before at every clearly impact quality TV small defense.,2024-03-30
975,681,562,Beyond stock quickly street risk world prove.,2024-07-15
976,644,492,Foreign test too understand star leave however own PM.,2024-07-21
977,296,718,Each strong true make state despite customer keep population health major.,2024-08-09
978,728,497,Likely speak include subject off individual mother explain daughter.,2024-02-08
979,165,205,That build indicate where door mean.,2024-11-29
980,660,502,Quality together population trouble respond else.,2024-10-10
981,924,641,Between sister affect heart nature really religious PM customer modern.,2025-01-23
982,819,969,Dog west from save expert husband deal piece suggest.,2024-12-11
983,665,163,Herself decade Democrat heavy recently ask great face serve radio.,2024-07-28
984,92,464,Per military world leave various listen say economic.,2024-07-22
985,813,414,Position writer dog likely force his.,2024-11-25
986,959,173,From street bring wall market he.,2024-07-22
987,855,938,Scene but energy consumer good some those give.,2024-05-02
988,88,683,Road brother discuss share man.,2024-06-08
989,486,713,Suffer a project debate meeting.,2024-08-29
990,308,470,Yard individual fly add sometimes reveal organization also class.,2024-12-18
991,853,124,Fall same into church property add shake determine soldier.,2025-01-29
992,197,418,Response crime poor fear story.,2024-09-20
993,790,98,Social fact we either evening admit plan else.,2024-05-12
994,296,445,Choose on prepare member Mr buy level something speech.,2024-06-12
995,654,455,Skill necessary argue nice there market power.,2024-04-02
996,980,641,Almost provide game executive gas still there.,2024-05-09
997,371,333,Either adult answer who although million our book.,2024-05-05
998,373,915,Adult summer you arrive stock close type first security.,2024-02-24
999,298,70,Relationship kitchen eye protect step partner step.,2024-11-20
1000,377,110,Peace although citizen ground as.,2024-07-07
