HashtagID,Tag
1,#world
2,#poor
3,#door
4,#security
5,#gas
6,#top
7,#rest
8,#military
9,#subject
10,#day
11,#because
12,#war
13,#because
14,#keep
15,#present
16,#year
17,#box
18,#look
19,#scene
20,#scene
21,#must
22,#them
23,#must
24,#generation
25,#bag
26,#responsibility
27,#against
28,#hour
29,#before
30,#I
31,#cost
32,#fact
33,#range
34,#spring
35,#treat
36,#tough
37,#plan
38,#must
39,#general
40,#provide
41,#century
42,#positive
43,#him
44,#write
45,#offer
46,#each
47,#where
48,#improve
49,#whose
50,#true
51,#push
52,#under
53,#just
54,#final
55,#thank
56,#treatment
57,#house
58,#staff
59,#former
60,#should
61,#staff
62,#score
63,#throughout
64,#relationship
65,#miss
66,#one
67,#threat
68,#anything
69,#around
70,#but
71,#guy
72,#home
73,#production
74,#up
75,#read
76,#example
77,#miss
78,#charge
79,#wife
80,#condition
81,#always
82,#look
83,#seat
84,#list
85,#yard
86,#must
87,#thousand
88,#close
89,#should
90,#lead
91,#deep
92,#edge
93,#a
94,#maintain
95,#environment
96,#your
97,#center
98,#report
99,#four
100,#instead
101,#surface
102,#follow
103,#able
104,#bag
105,#decision
106,#professional
107,#for
108,#along
109,#hundred
110,#language
111,#behind
112,#article
113,#his
114,#beat
115,#teach
116,#policy
117,#today
118,#throw
119,#force
120,#official
121,#information
122,#language
123,#nothing
124,#friend
125,#edge
126,#piece
127,#help
128,#activity
129,#above
130,#clearly
131,#easy
132,#fight
133,#rather
134,#animal
135,#dark
136,#event
137,#senior
138,#writer
139,#over
140,#try
141,#international
142,#low
143,#hour
144,#human
145,#contain
146,#hour
147,#thought
148,#success
149,#parent
150,#man
151,#listen
152,#you
153,#five
154,#usually
155,#very
156,#land
157,#from
158,#notice
159,#audience
160,#draw
161,#production
162,#last
163,#two
164,#campaign
165,#population
166,#doctor
167,#have
168,#effect
169,#condition
170,#carry
171,#require
172,#bring
173,#morning
174,#matter
175,#no
176,#anything
177,#factor
178,#day
179,#be
180,#under
181,#quite
182,#a
183,#trouble
184,#cultural
185,#beat
186,#start
187,#between
188,#little
189,#fire
190,#current
191,#with
192,#blood
193,#change
194,#career
195,#cup
196,#her
197,#prepare
198,#there
199,#contain
200,#to
201,#wrong
202,#shake
203,#professor
204,#and
205,#modern
206,#stop
207,#never
208,#door
209,#understand
210,#wall
211,#involve
212,#attention
213,#how
214,#assume
215,#claim
216,#way
217,#this
218,#adult
219,#I
220,#yard
221,#high
222,#war
223,#drive
224,#even
225,#bar
226,#company
227,#agent
228,#girl
229,#also
230,#price
231,#second
232,#rich
233,#blood
234,#letter
235,#officer
236,#throw
237,#not
238,#nature
239,#two
240,#performance
241,#nearly
242,#expert
243,#cup
244,#film
245,#fast
246,#alone
247,#side
248,#world
249,#well
250,#successful
251,#energy
252,#mind
253,#up
254,#lawyer
255,#number
256,#water
257,#military
258,#rather
259,#collection
260,#you
261,#energy
262,#usually
263,#wonder
264,#government
265,#question
266,#behavior
267,#mean
268,#still
269,#force
270,#also
271,#sport
272,#stay
273,#number
274,#financial
275,#Mrs
276,#kitchen
277,#information
278,#pattern
279,#guess
280,#finally
281,#raise
282,#worker
283,#although
284,#win
285,#girl
286,#natural
287,#miss
288,#else
289,#coach
290,#gas
291,#list
292,#ask
293,#of
294,#especially
295,#decade
296,#forward
297,#life
298,#option
299,#suggest
300,#else
301,#single
302,#more
303,#mission
304,#myself
305,#central
306,#model
307,#head
308,#remember
309,#their
310,#time
311,#simple
312,#floor
313,#arrive
314,#paper
315,#development
316,#both
317,#American
318,#parent
319,#on
320,#stage
321,#onto
322,#big
323,#million
324,#action
325,#personal
326,#both
327,#card
328,#beautiful
329,#foot
330,#old
331,#have
332,#responsibility
333,#despite
334,#line
335,#difficult
336,#next
337,#loss
338,#head
339,#themselves
340,#study
341,#report
342,#radio
343,#vote
344,#very
345,#president
346,#anything
347,#purpose
348,#evidence
349,#team
350,#clear
351,#town
352,#really
353,#similar
354,#determine
355,#trade
356,#change
357,#behavior
358,#drop
359,#security
360,#computer
361,#time
362,#simply
363,#reduce
364,#radio
365,#smile
366,#several
367,#culture
368,#his
369,#fear
370,#lawyer
371,#might
372,#back
373,#state
374,#should
375,#adult
376,#right
377,#later
378,#first
379,#space
380,#Mr
381,#tough
382,#strategy
383,#trouble
384,#possible
385,#better
386,#gas
387,#teacher
388,#end
389,#me
390,#rather
391,#chance
392,#interest
393,#dream
394,#once
395,#small
396,#smile
397,#film
398,#field
399,#affect
400,#pass
401,#give
402,#ball
403,#save
404,#beautiful
405,#manage
406,#leg
407,#brother
408,#leader
409,#grow
410,#entire
411,#fund
412,#cause
413,#weight
414,#sister
415,#little
416,#live
417,#prepare
418,#analysis
419,#clear
420,#to
421,#source
422,#there
423,#tonight
424,#evening
425,#anything
426,#change
427,#onto
428,#somebody
429,#very
430,#someone
431,#able
432,#between
433,#official
434,#service
435,#beautiful
436,#pressure
437,#wait
438,#benefit
439,#care
440,#region
441,#above
442,#during
443,#its
444,#exactly
445,#case
446,#thing
447,#sport
448,#mention
449,#expert
450,#skill
451,#society
452,#candidate
453,#goal
454,#page
455,#where
456,#everybody
457,#different
458,#allow
459,#cost
460,#floor
461,#dog
462,#surface
463,#quality
464,#any
465,#idea
466,#office
467,#development
468,#head
469,#civil
470,#development
471,#current
472,#physical
473,#drop
474,#guy
475,#go
476,#future
477,#personal
478,#town
479,#official
480,#remember
481,#he
482,#main
483,#move
484,#customer
485,#explain
486,#affect
487,#perform
488,#daughter
489,#team
490,#able
491,#hundred
492,#beyond
493,#how
494,#during
495,#owner
496,#true
497,#item
498,#yourself
499,#investment
500,#mention
501,#month
502,#small
503,#protect
504,#final
505,#couple
506,#reveal
507,#resource
508,#cultural
509,#none
510,#avoid
511,#day
512,#finally
513,#laugh
514,#set
515,#image
516,#high
517,#kind
518,#site
519,#bed
520,#seat
521,#and
522,#law
523,#scientist
524,#resource
525,#away
526,#price
527,#finally
528,#capital
529,#effect
530,#ahead
531,#four
532,#one
533,#stay
534,#large
535,#during
536,#receive
537,#close
538,#land
539,#court
540,#institution
541,#purpose
542,#main
543,#Mrs
544,#successful
545,#evidence
546,#world
547,#continue
548,#seat
549,#company
550,#will
551,#institution
552,#physical
553,#many
554,#my
555,#contain
556,#hundred
557,#idea
558,#reduce
559,#near
560,#Mr
561,#style
562,#sure
563,#within
564,#beat
565,#physical
566,#hour
567,#all
568,#teach
569,#tough
570,#push
571,#have
572,#step
573,#ready
574,#task
575,#Democrat
576,#door
577,#interesting
578,#so
579,#everybody
580,#treat
581,#space
582,#high
583,#already
584,#area
585,#remain
586,#discover
587,#bank
588,#that
589,#add
590,#nor
591,#huge
592,#onto
593,#serious
594,#own
595,#boy
596,#vote
597,#on
598,#question
599,#section
600,#involve
601,#blood
602,#manage
603,#result
604,#land
605,#including
606,#democratic
607,#newspaper
608,#concern
609,#different
610,#model
611,#region
612,#effort
613,#what
614,#summer
615,#evidence
616,#our
617,#so
618,#return
619,#hotel
620,#Congress
621,#despite
622,#surface
623,#as
624,#fast
625,#sort
626,#fish
627,#practice
628,#new
629,#often
630,#identify
631,#report
632,#center
633,#early
634,#both
635,#answer
636,#move
637,#thought
638,#total
639,#firm
640,#two
641,#walk
642,#what
643,#free
644,#bank
645,#face
646,#next
647,#southern
648,#throughout
649,#building
650,#author
651,#recognize
652,#join
653,#they
654,#describe
655,#attention
656,#hot
657,#though
658,#listen
659,#energy
660,#Republican
661,#his
662,#eat
663,#friend
664,#tonight
665,#only
666,#opportunity
667,#head
668,#need
669,#seat
670,#PM
671,#TV
672,#who
673,#through
674,#war
675,#issue
676,#traditional
677,#pull
678,#keep
679,#major
680,#economic
681,#understand
682,#word
683,#now
684,#candidate
685,#no
686,#bank
687,#laugh
688,#those
689,#hard
690,#social
691,#product
692,#lot
693,#better
694,#thought
695,#someone
696,#not
697,#kitchen
698,#former
699,#discuss
700,#seek
701,#name
702,#meet
703,#science
704,#inside
705,#store
706,#relate
707,#real
708,#anyone
709,#painting
710,#policy
711,#kitchen
712,#available
713,#painting
714,#hear
715,#even
716,#create
717,#trade
718,#under
719,#current
720,#many
721,#stay
722,#note
723,#budget
724,#more
725,#summer
726,#girl
727,#fund
728,#letter
729,#beat
730,#expect
731,#evidence
732,#culture
733,#open
734,#health
735,#apply
736,#scene
737,#may
738,#though
739,#law
740,#fish
741,#discover
742,#relationship
743,#campaign
744,#plant
745,#pick
746,#key
747,#enter
748,#candidate
749,#many
750,#while
751,#vote
752,#kitchen
753,#door
754,#range
755,#word
756,#Democrat
757,#have
758,#Mrs
759,#artist
760,#population
761,#prevent
762,#indeed
763,#wear
764,#step
765,#listen
766,#day
767,#notice
768,#whole
769,#view
770,#what
771,#control
772,#especially
773,#control
774,#standard
775,#summer
776,#remember
777,#water
778,#million
779,#expert
780,#use
781,#pass
782,#beautiful
783,#hotel
784,#probably
785,#miss
786,#growth
787,#world
788,#food
789,#short
790,#audience
791,#say
792,#bill
793,#sometimes
794,#compare
795,#put
796,#eight
797,#attorney
798,#nothing
799,#beyond
800,#per
801,#wife
802,#Congress
803,#from
804,#forget
805,#represent
806,#security
807,#another
808,#wonder
809,#able
810,#relate
811,#western
812,#your
813,#ask
814,#he
815,#personal
816,#perform
817,#message
818,#close
819,#best
820,#security
821,#few
822,#study
823,#ok
824,#themselves
825,#road
826,#data
827,#really
828,#money
829,#whose
830,#compare
831,#indicate
832,#stock
833,#board
834,#force
835,#exist
836,#chair
837,#determine
838,#true
839,#face
840,#medical
841,#memory
842,#take
843,#meeting
844,#family
845,#must
846,#again
847,#point
848,#guess
849,#act
850,#with
851,#individual
852,#beyond
853,#would
854,#us
855,#fish
856,#road
857,#cell
858,#travel
859,#then
860,#describe
861,#parent
862,#staff
863,#explain
864,#partner
865,#already
866,#protect
867,#build
868,#crime
869,#room
870,#rule
871,#consumer
872,#anyone
873,#happy
874,#arm
875,#writer
876,#window
877,#reflect
878,#staff
879,#book
880,#rest
881,#out
882,#material
883,#with
884,#natural
885,#property
886,#responsibility
887,#great
888,#parent
889,#watch
890,#today
891,#common
892,#total
893,#suggest
894,#clearly
895,#collection
896,#safe
897,#model
898,#beyond
899,#bit
900,#well
901,#safe
902,#true
903,#page
904,#discover
905,#quality
906,#six
907,#blue
908,#understand
909,#simply
910,#box
911,#reflect
912,#behind
913,#official
914,#three
915,#theory
916,#along
917,#within
918,#data
919,#despite
920,#form
921,#music
922,#early
923,#increase
924,#box
925,#own
926,#tough
927,#so
928,#attention
929,#arrive
930,#decade
931,#talk
932,#crime
933,#above
934,#television
935,#computer
936,#finally
937,#happy
938,#bring
939,#laugh
940,#sea
941,#happen
942,#mention
943,#guy
944,#simply
945,#arrive
946,#hundred
947,#clearly
948,#help
949,#body
950,#account
951,#statement
952,#study
953,#bad
954,#international
955,#executive
956,#even
957,#pay
958,#focus
959,#often
960,#past
961,#just
962,#draw
963,#statement
964,#scientist
965,#artist
966,#specific
967,#civil
968,#near
969,#start
970,#trouble
971,#leg
972,#focus
973,#election
974,#behavior
975,#team
976,#significant
977,#hot
978,#participant
979,#those
980,#wait
981,#art
982,#mind
983,#risk
984,#six
985,#cover
986,#relate
987,#carry
988,#eye
989,#three
990,#report
991,#understand
992,#guy
993,#likely
994,#eight
995,#close
996,#police
997,#left
998,#western
999,#that
1000,#nation
